{
    "standard_ols": {
        "train": {
            "mse": 14.472799391989872,
            "corr": 0.8960683673546075,
            "corr_sq": 0.8029385189735518,
            "r2": 0.8029385189735517
        },
        "test": {
            "mse": 16.666011099545095,
            "corr": 0.881122715061146,
            "corr_sq": 0.7763772389967255,
            "r2": 0.7758651545902499
        }
    },
    "outlier_ols": {
        "train": {
            "mse": 275.03229794707494,
            "corr": 0.45889688404395756,
            "corr_sq": 0.21058635018525343,
            "r2": 0.2105863501852534
        },
        "test": {
            "mse": 24.810304072804037,
            "corr": 0.8314067073870124,
            "corr_sq": 0.6912371130881132,
            "r2": 0.6663356555619591
        }
    },
    "no_intercept_ols": {
        "train": {
            "mse": 70.01827083152662,
            "corr": 0.8781826009497334,
            "corr_sq": 0.7712046806108388,
            "r2": 0.046631976630022276
        },
        "test": {
            "mse": 81.80973853418209,
            "corr": 0.8605833661618357,
            "corr_sq": 0.7406037301144363,
            "r2": -0.10022806236289394
        }
    }
}