{
    "standard_ols": {
        "train": {
            "mse": 14.472799391989872,
            "corr": 0.8960683673546076,
            "corr_sq": 0.802938518973552,
            "r2": 0.8029385189735517
        },
        "test": {
            "mse": 16.66601109954511,
            "corr": 0.8811227150611458,
            "corr_sq": 0.7763772389967252,
            "r2": 0.7758651545902496
        }
    },
    "outlier_ols": {
        "train": {
            "mse": 275.03229794707494,
            "corr": 0.4588968840439576,
            "corr_sq": 0.21058635018525348,
            "r2": 0.2105863501852534
        },
        "test": {
            "mse": 24.810304072804023,
            "corr": 0.8314067073870121,
            "corr_sq": 0.6912371130881126,
            "r2": 0.6663356555619593
        }
    },
    "no_intercept_ols": {
        "train": {
            "mse": 70.01827083152664,
            "corr": 0.8781826009497333,
            "corr_sq": 0.7712046806108386,
            "r2": 0.046631976630022054
        },
        "test": {
            "mse": 81.80973853418212,
            "corr": 0.8605833661618351,
            "corr_sq": 0.740603730114435,
            "r2": -0.10022806236289439
        }
    }
}